{
    "accuracy": 0.9074258128638364,
    "precision": 0.8428169014084507,
    "recall": 0.8004280363830926,
    "f1_score": 0.8210757409440176,
    "roc_auc": 0.9532721433235238
}